{"train/loss":1.3065704107284546,"_timestamp":1.7646520075491123e+09,"_wandb":{"runtime":259},"_runtime":259.938231964,"_step":1600}