{"_wandb":{"runtime":308},"_runtime":308.979818355,"_step":1900,"train/loss":1.5183011293411255,"_timestamp":1.764651721431468e+09}