{"_timestamp":1.764598985366353e+09,"_wandb":{"runtime":13},"_runtime":13,"_step":0,"test/loss":7.0368192082359675,"epoch":0}