{"test/loss":7.03681919309828,"epoch":0,"train/epoch_loss":8.07853490114212,"_wandb":{"runtime":17},"_runtime":17,"_timestamp":1.7646075913951411e+09,"_step":1}