{"_timestamp":1.764911306336417e+09,"_step":1000,"_wandb":{"runtime":586},"_runtime":586.598272619,"train/loss":NaN}