{"_runtime":12,"_wandb":{"runtime":12},"test/loss":1.433673171326518,"epoch":0,"_timestamp":1.76465204245262e+09,"_step":0}