{"_timestamp":1.764614704144427e+09,"train/epoch_loss":1.1446266851444244,"_wandb":{"runtime":2505},"_runtime":2505,"test/loss":1.147720716893673,"epoch":0,"_step":10001,"train/loss":1.6387275457382202}