{"eval/samples_history":{"ncols":4,"nrows":10,"_latest_artifact_path":"wandb-client-artifact://xq96jpwswlxtfw12cfeurci24iqqxii0hhucxatd5vjio0bpc0h3qn3vul9dj90a11vu03ryhmvfsrz6osvpwzdyuc7trpcfgmgwyb6ngikte7id76gjaa67tujuu54n:latest/eval/samples_history.table.json","artifact_path":"wandb-client-artifact://i5i35hicuflsoh5bm02zvxc8u17bfbtdzlly79jh3a7xafzh8g03kx7y4tdknkez6e9yt6udpfqoweaot88tcllqsaldlm2bmlxw0wl4znoioxomcu1cvz6yzrmzhq4f/eval/samples_history.table.json","_type":"table-file","sha256":"0e4c44f1a524c2b1eb9ff515bcb8535a925f94361ed525cc5689d4a1b4c3ac0d","log_mode":"IMMUTABLE","path":"media/table/eval/samples_history_10417_0e4c44f1a524c2b1eb9f.table.json","size":4774},"_timestamp":1.7649156929170547e+09,"_wandb":{"runtime":2380},"test/epoch_loss":4.268645604451497,"train/loss":4.043894290924072,"train/epoch_loss":5.154451445859396,"train/lr":0.00012868467015508106,"_runtime":2380.137071954,"epoch":1,"_step":12288}