{"_step":48,"test/loss":6.7992128341917,"epoch":2,"_timestamp":1.7645990864170775e+09,"train/epoch_loss":6.228654444217682,"train/lr":1e-06,"_wandb":{"runtime":40},"_runtime":40.61686897}