{"_wandb":{"runtime":154},"_runtime":154.467001627,"train/lr":4.007444229352534e-05,"epoch":0,"_timestamp":1.764945915099269e+09,"_step":657}