{"_runtime":1367.497077029,"_timestamp":1.7649132739288037e+09,"_step":4478,"train/lr":5.210795757838477e-05,"epoch":0,"train/loss":NaN,"_wandb":{"runtime":1367}}