{"_runtime":81.183569347,"epoch":0,"_timestamp":1.7649524096649485e+09,"_step":381,"train/lr":4.0018490927084096e-05,"_wandb":{"runtime":81}}