{"_timestamp":1.7646077890024438e+09,"train/epoch_loss":8.07853490114212,"_wandb":{"runtime":13},"_runtime":13,"_step":1,"test/loss":7.0368191552540615,"epoch":0}