{"_runtime":1841.57779147,"_step":7813,"eval/samples_history":{"sha256":"69d2a4f40381106997da8faeeab688de602a219eadb024cffaffbec0f5f5e5f1","log_mode":"IMMUTABLE","_latest_artifact_path":"wandb-client-artifact://ld9gskj0tlum6actsg3y4gatqvmmzzqtccl5u67kxhlsi36qsukv7jxur4kv8lp06fknk1aap3fr64zao8xdxp73tcw07q9d527e4g54623i1eb57wa7vgtqbv78zevz:latest/eval/samples_history.table.json","_type":"table-file","path":"media/table/eval/samples_history_7813_69d2a4f40381106997da.table.json","ncols":4,"artifact_path":"wandb-client-artifact://v58flzxw9snudmr7y5aiczcr5isgur2ax0w8cl7h7cdi1o9b7izvu811mbebewidi1hst1b8toz4xrtvxp64yzpbcyysnyy3zq5qiix62uaazvi3ge658yyjfkltk3b4/eval/samples_history.table.json","nrows":10,"size":5078},"train/lr":5.048932999863391e-05,"test/epoch_loss":4.451473891735077,"_wandb":{"runtime":1841},"_timestamp":1.7649176156028082e+09,"train/epoch_loss":5.3194164891684235,"epoch":0,"train/loss":4.81427001953125}