{"_wandb":{"runtime":1526},"_runtime":1526,"train/step_loss":6.539816856384277,"_timestamp":1.7645823255863845e+09,"_step":64}