{"train/lr":4.020602004903295e-05,"epoch":0,"_timestamp":1.764952687010133e+09,"_step":1093,"train/loss":6.035580635070801,"_runtime":256.746705388,"_wandb":{"runtime":256}}