{"eval/samples_history":{"ncols":4,"_type":"table-file","log_mode":"IMMUTABLE","nrows":10,"size":5084,"artifact_path":"wandb-client-artifact://n9mhtrefldluudyhbrblcn98u3n6jsvps6yam4yqmo12t8gcx9yd9jbojkj32q7w9oi3q9m9f406vt31yvxfu0otbapybstwu1sxxzs8kw0othj60ux0306oxzdsnfm8/eval/samples_history.table.json","sha256":"723b4bec7575adf5a8dee7626e06d1798d84f6c933d83ecdce3b077f4f0522b9","_latest_artifact_path":"wandb-client-artifact://q0xb0ftw48kof1nzqp7t7vdl4omcc37rsbns0z0f6xngnkh72xdq6wjkorkut68cxl0c83o5mu3ywo0kmi2k7soqvtdk21mri9k1lr3nbotsufoe0s8wbpaphd47qj4k:latest/eval/samples_history.table.json","path":"media/table/eval/samples_history_7813_723b4bec7575adf5a8de.table.json"},"train/lr":5.0494681221727026e-05,"test/epoch_loss":4.451473891735077,"train/epoch_loss":5.3194164891684235,"_wandb":{"runtime":1830},"_runtime":1830.723300706,"epoch":1,"train/loss":4.81427001953125,"_step":7815,"_timestamp":1.764947768969328e+09}