{"eval/samples_history":{"sha256":"b1f227007c5709fcdeaf5a2971a79f88872fac5b223cc21045478f59282425a7","artifact_path":"wandb-client-artifact://y8byfn66h6m4fh1xg6yodhm2m3pdhgkt1alvby5sgeezor5b1y3j79g2fkaxynkb4s7ohc8unfv31o8gafheknen4w0sjo1qmyzczvthvm1ygyc14wp5r28d88f8xa0z/eval/samples_history.table.json","size":109442,"log_mode":"IMMUTABLE","_latest_artifact_path":"wandb-client-artifact://dyakuvnfua1nxr8e0zb5y8fwwqprd23vn5trqapwwojoc5hlx15jub9r1pigwcgrcmvtj2uysbkcd2kkihxia261855bhz8wjl3yhs9akwlrpcxt1p9ml1xp0gjp5jid:latest/eval/samples_history.table.json","path":"media/table/eval/samples_history_197923_b1f227007c5709fcdeaf.table.json","_type":"table-file","ncols":4,"nrows":190},"train/loss":1.6008164882659912,"test/epoch_loss":1.571068252835955,"_wandb":{"runtime":63218},"_runtime":63218.906386126,"epoch":18,"train/lr":4.000019646357186e-05,"_step":197923,"_timestamp":1.764904557191464e+09,"train/epoch_loss":1.554328281476377}