{"train/step_loss":10.134529113769531,"_timestamp":1.7645826592189412e+09,"_wandb":{"runtime":11},"_runtime":11,"_step":0}