{"train/lr":0.00036377062968501693,"train/step_loss":6.361693859100342,"test/loss":6.4204274117946625,"_runtime":25858,"_step":28,"_timestamp":1.764608289586599e+09,"train/epoch_loss":6.432603091661411,"_wandb":{"runtime":25858},"epoch":6}