{"_wandb":{"runtime":5},"_runtime":5.602952416,"train/loss":1.9174304008483887,"_timestamp":1.7646117204708917e+09,"_step":0}