{"_runtime":401.199673175,"train/loss":6.18784236907959,"_timestamp":1.7648412258308625e+09,"_step":1000,"_wandb":{"runtime":401}}