{"test/loss":7.03681919309828,"epoch":0,"train/epoch_loss":8.07853490114212,"_wandb":{"runtime":14},"_runtime":14,"_timestamp":1.7646080006569088e+09,"_step":1}