{"train/lr":2.8193872215002235e-05,"eval/samples":{"path":"media/table/eval/samples_177089_45bd0d8d91888879cb42.table.json","artifact_path":"wandb-client-artifact://lym0vh4gb5r50meor0bzdxvjfyqnnn9boeg6qrh6fh91fpfljixhxwpiaj4n9c49imqhb4fyei0k4r9i98ul5b72hgtj2k4kdhbs7t09rn4rh4d2foy4t7p5fgw4minl/eval/samples.table.json","_latest_artifact_path":"wandb-client-artifact://xyf4vdv2bvygot4njmq0qwalolutkcjv5c7mgnplu5gfdnbfeffah5tzu6q1zuk5llcooypp12zdo2s22n5dmpnwlo93tjpb97az96mjvr0aod1m1lz1u4gvnssv8azd:latest/eval/samples.table.json","log_mode":"IMMUTABLE","ncols":3,"sha256":"45bd0d8d91888879cb425bc223ea5ffe9ce3a0ecc8bd835ddd080a32e5e311a3","_type":"table-file","size":2853,"nrows":10},"test/epoch_loss":7.309367883773077,"_wandb":{"runtime":58488},"_timestamp":1.7648391412752366e+09,"_runtime":58488.670878247,"_step":180000,"train/loss":7.260085105895996,"train/epoch_loss":7.3129087685051015,"epoch":16}